<?xml version="1.0" encoding="UTF-8"?>
<ehcache updateCheck="false" name="hibernateCache">
<!--  
	<cacheManagerPeerProviderFactory class="net.sf.ehcache.distribution.RMICacheManagerPeerProviderFactory"
		properties="peerDiscovery=manual, socketTimeoutMillis=2000, rmiUrls=//localhost:40001/hibernateCache" />
	<cacheManagerPeerListenerFactory class="net.sf.ehcache.distribution.RMICacheManagerPeerListenerFactory"
		properties="hostName=localhost, port=40000, socketTimeoutMillis=2000"/>-->

	<cacheManagerPeerProviderFactory class="net.sf.ehcache.distribution.RMICacheManagerPeerProviderFactory"
		properties="peerDiscovery=automatic,multicastGroupAddress=230.0.0.1, multicastGroupPort=4446" />
	<cacheManagerPeerListenerFactory class="net.sf.ehcache.distribution.RMICacheManagerPeerListenerFactory" />
	
	<diskStore path="java.io.tmpdir/cabal/ehcache/hibernate" />

	<!-- DefaultCache setting. -->
	<defaultCache maxEntriesLocalHeap="100" eternal="false" timeToIdleSeconds="300" timeToLiveSeconds="600" 
		overflowToDisk="true" maxEntriesLocalDisk="100000" >
		<cacheEventListenerFactory class="net.sf.ehcache.distribution.RMICacheReplicatorFactory"
			properties="replicatePuts=false,replicateUpdatesViaCopy=false" />
    </defaultCache>

	<!-- Special objects setting. -->
	<cache name="com.mokylin.cabal.modules.sys.entity.Dict" maxEntriesLocalHeap="100" eternal="false" overflowToDisk="true" maxEntriesLocalDisk="100000">
		<cacheEventListenerFactory class="net.sf.ehcache.distribution.RMICacheReplicatorFactory" />
	</cache>
	
	<cache name="com.mokylin.cabal.modules.sys.entity.Area" maxEntriesLocalHeap="100" eternal="false" overflowToDisk="true" maxEntriesLocalDisk="100000">
		<cacheEventListenerFactory class="net.sf.ehcache.distribution.RMICacheReplicatorFactory" />
	</cache>
	<cache name="com.mokylin.cabal.modules.sys.entity.Area.childList" maxEntriesLocalHeap="100" eternal="false" overflowToDisk="true" maxEntriesLocalDisk="100000">
		<cacheEventListenerFactory class="net.sf.ehcache.distribution.RMICacheReplicatorFactory" />
	</cache>
	<cache name="com.mokylin.cabal.modules.sys.entity.Area.officeList" maxEntriesLocalHeap="100" eternal="false" overflowToDisk="true" maxEntriesLocalDisk="100000">
		<cacheEventListenerFactory class="net.sf.ehcache.distribution.RMICacheReplicatorFactory" />
	</cache>
	
	<cache name="com.mokylin.cabal.modules.sys.entity.Office" maxEntriesLocalHeap="100" eternal="false" overflowToDisk="true" maxEntriesLocalDisk="100000">
		<cacheEventListenerFactory class="net.sf.ehcache.distribution.RMICacheReplicatorFactory" />
	</cache>
	<cache name="com.mokylin.cabal.modules.sys.entity.Office.childList" maxEntriesLocalHeap="100" eternal="false" overflowToDisk="true" maxEntriesLocalDisk="100000">
		<cacheEventListenerFactory class="net.sf.ehcache.distribution.RMICacheReplicatorFactory" />
	</cache>
	<cache name="com.mokylin.cabal.modules.sys.entity.Office.userList" maxEntriesLocalHeap="100" eternal="false" overflowToDisk="true" maxEntriesLocalDisk="100000">
		<cacheEventListenerFactory class="net.sf.ehcache.distribution.RMICacheReplicatorFactory" />
	</cache>
	
	<cache name="com.mokylin.cabal.modules.sys.entity.Menu" maxEntriesLocalHeap="100" eternal="false" overflowToDisk="true" maxEntriesLocalDisk="100000">
		<cacheEventListenerFactory class="net.sf.ehcache.distribution.RMICacheReplicatorFactory" />
	</cache>
	<cache name="com.mokylin.cabal.modules.sys.entity.Menu.childList" maxEntriesLocalHeap="100" eternal="false" overflowToDisk="true" maxEntriesLocalDisk="100000">
		<cacheEventListenerFactory class="net.sf.ehcache.distribution.RMICacheReplicatorFactory" />
	</cache>
	<cache name="com.mokylin.cabal.modules.sys.entity.Menu.roleList" maxEntriesLocalHeap="100" eternal="false" overflowToDisk="true" maxEntriesLocalDisk="100000">
		<cacheEventListenerFactory class="net.sf.ehcache.distribution.RMICacheReplicatorFactory" />
	</cache>
	
	<cache name="com.mokylin.cabal.modules.sys.entity.Role" maxEntriesLocalHeap="100" eternal="false" overflowToDisk="true" maxEntriesLocalDisk="100000">
		<cacheEventListenerFactory class="net.sf.ehcache.distribution.RMICacheReplicatorFactory" />
	</cache>
	<cache name="com.mokylin.cabal.modules.sys.entity.Role.menuList" maxEntriesLocalHeap="100" eternal="false" overflowToDisk="true" maxEntriesLocalDisk="100000">
		<cacheEventListenerFactory class="net.sf.ehcache.distribution.RMICacheReplicatorFactory" />
	</cache>
	<cache name="com.mokylin.cabal.modules.sys.entity.Role.userList" maxEntriesLocalHeap="100" eternal="false" overflowToDisk="true" maxEntriesLocalDisk="100000">
		<cacheEventListenerFactory class="net.sf.ehcache.distribution.RMICacheReplicatorFactory" />
	</cache>
	
	<cache name="com.mokylin.cabal.modules.sys.entity.User" maxEntriesLocalHeap="100" eternal="false" overflowToDisk="true" maxEntriesLocalDisk="100000">
		<cacheEventListenerFactory class="net.sf.ehcache.distribution.RMICacheReplicatorFactory" />
	</cache>
	<cache name="com.mokylin.cabal.modules.sys.entity.User.roleList" maxEntriesLocalHeap="100" eternal="false" overflowToDisk="true" maxEntriesLocalDisk="100000">
		<cacheEventListenerFactory class="net.sf.ehcache.distribution.RMICacheReplicatorFactory" />
	</cache>
	
</ehcache>
