<?xml version="1.0" encoding="UTF-8"?>
<ehcache updateCheck="false" name="hibernateCache">

	<diskStore path="java.io.tmpdir/cabal/ehcache/hibernate" />

	<!-- DefaultCache setting. -->
	<defaultCache maxEntriesLocalHeap="100" eternal="false" timeToIdleSeconds="300" timeToLiveSeconds="600" 
		overflowToDisk="true" maxEntriesLocalDisk="100000" />
	
	<cache name="com.mokylin.cabal.modules.sys.entity.Dict" maxEntriesLocalHeap="100" eternal="false" overflowToDisk="true" maxEntriesLocalDisk="100000" />
	
	<cache name="com.mokylin.cabal.modules.sys.entity.Area" maxEntriesLocalHeap="100" eternal="false" overflowToDisk="true" maxEntriesLocalDisk="100000" />
	<cache name="com.mokylin.cabal.modules.sys.entity.Area.childList" maxEntriesLocalHeap="100" eternal="false" overflowToDisk="true" maxEntriesLocalDisk="100000" />
	<cache name="com.mokylin.cabal.modules.sys.entity.Area.officeList" maxEntriesLocalHeap="100" eternal="false" overflowToDisk="true" maxEntriesLocalDisk="100000" />
	
	<cache name="com.mokylin.cabal.modules.sys.entity.Office" maxEntriesLocalHeap="100" eternal="false" overflowToDisk="true" maxEntriesLocalDisk="100000" />
	<cache name="com.mokylin.cabal.modules.sys.entity.Office.childList" maxEntriesLocalHeap="100" eternal="false" overflowToDisk="true" maxEntriesLocalDisk="100000" />
	<cache name="com.mokylin.cabal.modules.sys.entity.Office.userList" maxEntriesLocalHeap="100" eternal="false" overflowToDisk="true" maxEntriesLocalDisk="100000" />
	
	<cache name="com.mokylin.cabal.modules.sys.entity.Menu" maxEntriesLocalHeap="100" eternal="false" overflowToDisk="true" maxEntriesLocalDisk="100000" />
	<cache name="com.mokylin.cabal.modules.sys.entity.Menu.childList" maxEntriesLocalHeap="100" eternal="false" overflowToDisk="true" maxEntriesLocalDisk="100000" />
	<cache name="com.mokylin.cabal.modules.sys.entity.Menu.roleList" maxEntriesLocalHeap="100" eternal="false" overflowToDisk="true" maxEntriesLocalDisk="100000" />
	
	<cache name="com.mokylin.cabal.modules.sys.entity.Role" maxEntriesLocalHeap="100" eternal="false" overflowToDisk="true" maxEntriesLocalDisk="100000" />
	<cache name="com.mokylin.cabal.modules.sys.entity.Role.menuList" maxEntriesLocalHeap="100" eternal="false" overflowToDisk="true" maxEntriesLocalDisk="100000" />
	<cache name="com.mokylin.cabal.modules.sys.entity.Role.userList" maxEntriesLocalHeap="100" eternal="false" overflowToDisk="true" maxEntriesLocalDisk="100000" />
    <cache name="com.mokylin.cabal.modules.sys.entity.Role.gamePlatformList" maxEntriesLocalHeap="100" eternal="false" overflowToDisk="true" maxEntriesLocalDisk="100000" />

	<cache name="com.mokylin.cabal.modules.sys.entity.User" maxEntriesLocalHeap="100" eternal="false" overflowToDisk="true" maxEntriesLocalDisk="100000" />
	<cache name="com.mokylin.cabal.modules.sys.entity.User.roleList" maxEntriesLocalHeap="100" eternal="false" overflowToDisk="true" maxEntriesLocalDisk="100000" />
	
</ehcache>
