<?xml version="1.0" encoding="UTF-8"?>
<beans xmlns="http://www.springframework.org/schema/beans" xmlns:xsi="http://www.w3.org/2001/XMLSchema-instance"
       xmlns:context="http://www.springframework.org/schema/context"
       xmlns:mvc="http://www.springframework.org/schema/mvc"
       xsi:schemaLocation="http://www.springframework.org/schema/mvc http://www.springframework.org/schema/mvc/spring-mvc-3.2.xsd
		http://www.springframework.org/schema/beans http://www.springframework.org/schema/beans/spring-beans-3.2.xsd
		http://www.springframework.org/schema/context http://www.springframework.org/schema/context/spring-context-3.2.xsd">

    <description>Spring MVC Configuration</description>

    <!-- 加载配置属性文件 -->
    <context:property-placeholder ignore-unresolvable="true" location="classpath*:properties/application.properties"/>

    <!-- 使用Annotation自动注册Bean,只扫描@Controller -->
    <context:component-scan base-package="com.mokylin.cabal"
                            use-default-filters="false"><!-- base-package 如果多个，用“,”分隔 -->
        <context:include-filter type="annotation" expression="org.springframework.stereotype.Controller"/>
    </context:component-scan>

    <!-- 默认的注解映射的支持，org.springframework.web.servlet.mvc.method.annotation.RequestMappingHandlerMapping -->
    <!--<mvc:annotation-driven content-negotiation-manager="contentNegotiationManager">-->
        <!--<mvc:message-converters register-defaults="true">-->
            <!--&lt;!&ndash; 将StringHttpMessageConverter的默认编码设为UTF-8 &ndash;&gt;-->
            <!--<bean class="org.springframework.http.converter.StringHttpMessageConverter">-->
                <!--<constructor-arg value="UTF-8"/>-->
            <!--</bean>-->
            <!--&lt;!&ndash; 将Jackson2HttpMessageConverter的默认格式化输出为true &ndash;&gt;-->
            <!--&lt;!&ndash;<bean class="org.springframework.http.converter.json.MappingJackson2HttpMessageConverter">&ndash;&gt;-->
                <!--&lt;!&ndash;<property name="prettyPrint" value="true"/>&ndash;&gt;-->
                <!--&lt;!&ndash;<property name="objectMapper">&ndash;&gt;-->
                    <!--&lt;!&ndash;<bean class="com.mokylin.cabal.common.mapper.JsonMapper"></bean>&ndash;&gt;-->
                <!--&lt;!&ndash;</property>&ndash;&gt;-->
            <!--&lt;!&ndash;</bean>&ndash;&gt;-->
            <!--<bean class="com.alibaba.fastjson.support.spring.FastJsonHttpMessageConverter"></bean>-->
            <!--&lt;!&ndash; 使用XML格式输出数据 &ndash;&gt;-->
            <!--<bean class="org.springframework.http.converter.xml.MarshallingHttpMessageConverter">-->
                <!--<constructor-arg>-->
                    <!--<bean class="org.springframework.oxm.xstream.XStreamMarshaller">-->
                        <!--<property name="streamDriver">-->
                            <!--<bean class="com.thoughtworks.xstream.io.xml.StaxDriver"/>-->
                        <!--</property>-->
                        <!--<property name="annotatedClasses">-->
                            <!--<list>-->
                                <!--<value>com.mokylin.cabal.common.persistence.BaseEntity</value>-->
                            <!--</list>-->
                        <!--</property>-->
                    <!--</bean>-->
                <!--</constructor-arg>-->
                <!--<property name="supportedMediaTypes" value="application/xml"></property>-->
            <!--</bean>-->
        <!--</mvc:message-converters>-->
        <!--<mvc:argument-resolvers>-->
            <!--<bean class="com.mokylin.cabal.common.web.SecureModelAttributeMethodArgumentResolver">-->
                <!--<constructor-arg value="false"/>-->
            <!--</bean>-->
        <!--</mvc:argument-resolvers>-->
    <!--</mvc:annotation-driven>-->



    <mvc:annotation-driven>
        <mvc:message-converters register-defaults="true">
            <bean class="org.springframework.http.converter.StringHttpMessageConverter">
                <property name="supportedMediaTypes">
                    <list>
                        <value>text/plain;charset=UTF-8</value>
                    </list>
                </property>
            </bean>
            <bean class="com.alibaba.fastjson.support.spring.FastJsonHttpMessageConverter">
                <property name="supportedMediaTypes">
                    <list>
                        <value>application/json;charset=UTF-8</value>
                    </list>
                </property>
            </bean>
        </mvc:message-converters>
    </mvc:annotation-driven>

    <!-- REST中根据URL后缀自动判定Content-Type及相应的View -->
    <bean id="contentNegotiationManager" class="org.springframework.web.accept.ContentNegotiationManagerFactoryBean">
        <property name="mediaTypes">
            <map>
                <entry key="xml" value="application/xml"/>
                <entry key="json" value="application/json"/>
            </map>
        </property>
        <property name="ignoreAcceptHeader" value="true"/>
        <property name="favorPathExtension" value="true"/>
    </bean>

    <!-- 视图文件解析配置 -->
    <bean class="org.springframework.web.servlet.view.InternalResourceViewResolver">
        <property name="prefix" value="${web.view.prefix}"/>
        <property name="suffix" value="${web.view.suffix}"/>
    </bean>

    <!-- 对静态资源文件的访问， 将无法mapping到Controller的path交给default servlet handler处理 -->
    <mvc:default-servlet-handler/>

    <!-- 定义无Controller的path<->view直接映射 -->
    <mvc:view-controller path="/" view-name="redirect:${web.view.index}"/>


    <!-- 国际化 -->
    <bean id="localeResolver" class="org.springframework.web.servlet.i18n.SessionLocaleResolver" />

    <bean id="messageSource" class="org.springframework.context.support.ResourceBundleMessageSource">
        <property name="basename" value="i18n/messages"/>
    </bean>

    <!-- 拦截器配置 -->
    <mvc:interceptors>
        <!--系统拦截器-->
        <mvc:interceptor>
            <mvc:mapping path="${adminPath}/game/**" />
            <mvc:mapping path="${adminPath}/tools/**" />
            <mvc:mapping path="${adminPath}/global/**" />
            <mvc:mapping path="${adminPath}/log/**" />
            <bean class="com.mokylin.cabal.modules.sys.interceptor.LogInterceptor"/>
        </mvc:interceptor>


        <mvc:interceptor>
            <mvc:mapping path="/**" />
            <bean class="com.mokylin.cabal.modules.sys.interceptor.LookupSessionSyncInterceptor" />
        </mvc:interceptor>

        <mvc:interceptor>
            <mvc:mapping path="${adminPath}/game/**" />
            <mvc:mapping path="${adminPath}/tools/**" />
            <mvc:mapping path="${adminPath}/global/**" />
            <mvc:mapping path="${adminPath}/log/**" />
            <!--<mvc:exclude-mapping path="${adminPath}/login"/>-->
            <bean class="com.mokylin.cabal.modules.sys.interceptor.ParameterInterceptor" />
        </mvc:interceptor>

        <bean class="org.springframework.web.servlet.i18n.LocaleChangeInterceptor" />
    </mvc:interceptors>

    <!-- 支持Shiro对Controller的方法级AOP安全控制 begin-->
    <bean class="org.springframework.aop.framework.autoproxy.DefaultAdvisorAutoProxyCreator"
          depends-on="lifecycleBeanPostProcessor">
        <property name="proxyTargetClass" value="true"/>
    </bean>
    <bean class="org.springframework.web.servlet.handler.SimpleMappingExceptionResolver">
        <property name="exceptionMappings">
            <props>
                <prop key="org.apache.shiro.authz.UnauthorizedException">error/403</prop>
            </props>
        </property>
    </bean>
    <!-- Shiro end -->

    <!-- 上传文件拦截，设置最大上传文件大小   10M=10*1024*1024(B)=10485760 bytes -->
    <bean id="multipartResolver" class="org.springframework.web.multipart.commons.CommonsMultipartResolver">
        <property name="maxUploadSize" value="${web.maxUploadSize}"/>
    </bean>

    <!--<bean id="restTemplate" class="org.springframework.web.client.RestTemplate">-->
        <!--<constructor-arg>-->
            <!--<bean class="org.springframework.http.client.SimpleClientHttpRequestFactory">-->
                <!--<property name="connectTimeout" value="5000"/>-->
                <!--<property name="readTimeout" value="5000"/>-->
            <!--</bean>-->
        <!--</constructor-arg>-->
        <!--<property name="messageConverters">-->
            <!--<list>-->
                <!--<bean class="org.springframework.http.converter.StringHttpMessageConverter"/>-->
                <!--<bean class="com.alibaba.fastjson.support.spring.FastJsonHttpMessageConverter"/>-->
            <!--</list>-->
        <!--</property>-->
    <!--</bean>-->

    <bean id="gameTemplate" class="com.mokylin.cabal.common.game.api.GameTemplate">
        <!--<property name="restTemplate" ref="restTemplate"/>-->
    </bean>



    <!--<bean id="serverManager" class="com.mokylin.cabal.common.redis.ServerManager" init-method="init"/>-->

    <!--<bean id="subScribeManager" class="com.mokylin.cabal.common.redis.SubScribeManager" init-method="init"/>-->

    <bean id="ehcacheCacheManager" class="com.mokylin.cabal.common.cache.EhcacheCacheManager">
        <constructor-arg index="0" ref="cacheManager"/>
    </bean>

</beans>