<?xml version="1.0" encoding="UTF-8" ?>
<!DOCTYPE mapper PUBLIC "-//mybatis.org//DTD Mapper 3.0//EN" "http://mybatis.org/dtd/mybatis-3-mapper.dtd" >
<mapper namespace="gamePlatform">
	<!--<select id="queryPage" resultType="com.mokylin.cabal.modules.sys.entity.User" parameterType="com.mokylin.cabal.common.persistence.Page">-->
        <!--select * from sys_user -->
	<!--</select>-->

    <select id="queryPage" resultType="com.mokylin.cabal.modules.sys.entity.User" parameterType="java.util.HashMap">
        select * from sys_user where email = #{email}
    </select>

    <select id="findGamePlatformByPid" resultType="com.mokylin.cabal.modules.tools.entity.GamePlatform">
        SELECT * FROM game_platform WHERE pid = #{pid}
    </select>

    <select id="insert" parameterType="java.util.HashMap">
        insert into game_platform(id,name,pid,description,create_by,create_date) VALUES (
        #{id},#{name},#{pid},#{description},'system',now()
        )
    </select>
</mapper>